{
	"1":  0.0940000000,
	"2":  0.1663978666,
	"3":  0.2157324732,
	"4":  0.2557200618,
	"5":  0.2902498923,
	"6":  0.3210876049,
	"7":  0.3492126859,
	"8":  0.3752355927,
	"9":  0.3995672659,
	"10": 0.4225000000,
	"11": 0.4431075490,
	"12": 0.4627983902,
	"13": 0.4816849593,
	"14": 0.4998584300,
	"15": 0.5173939505,
	"16": 0.5343543300,
	"17": 0.5507927015,
	"18": 0.5667544883,
	"19": 0.5822788851,
	"20": 0.5973999916,
	"21": 0.6113187385,
	"22": 0.6249275558,
	"23": 0.6382462691,
	"24": 0.6512926761,
	"25": 0.6640828262,
	"26": 0.6766312511,
	"27": 0.6889511594,
	"28": 0.7010545984,
	"29": 0.7129525931,
	"30": 0.7246552629,
	"31": 0.7354827666,
	"32": 0.7461531679,
	"33": 0.7566731130,
	"34": 0.7670487925,
	"35": 0.7772859834,
	"36": 0.7873900876,
	"37": 0.7973661643,
	"38": 0.8072189604,
	"39": 0.8169529362,
	"40": 0.8265722896,
	"41": 0.8354742366,
	"42": 0.8442823284,
	"43": 0.8529994725,
	"44": 0.8616284292,
	"45": 0.8701718221,
	"46": 0.8786321471,
	"47": 0.8870117812,
	"48": 0.8953129900,
	"49": 0.9035379350,
	"50": 0.9116886804
}